파일명,파일크기(KB),라인수
(2022__1차)은평구 청년 창업인의 집 1호점_2호점 입주자 모집 공고문(최종).pdf,593.7,
1_ [공고문] 2020-3차 청년 매입임대주택 입주자모집 공고문(홈페이지 공개용).pdf,864.0,
1_ [공고문] 2021-1차 청년 매입임대주택 입주자모집 공고문(홈페이지 공개용).pdf,328.8,
1_ [공고문] 2021년 2차 청년 매입임대주택 입주자모집(2021_12_30_) 공고문_홈페이지 공개용.pdf,952.8,
1_ [공고문] 2022년 1차 청년 매입임대주택 입주자모집공고문(홈페이지 공개용)_수정.pdf,1188.0,
1_ [공고문] 2022년 2차 청년 매입임대주택 입주자모집공고문(홈페이지 공개용)(1).pdf,777.6,
1_ [공고문] 2023년 1차 청년 매입임대주택 입주자모집공고문(홈페이지 공개용).pdf,776.2,
1_[공고문] 2023년 2차 청년 매입임대주택 입주자모집공고문(홈페이지 공개용)(수정).pdf,805.9,
1_[공고문] 2024년 2차 청년 매입임대주택 입주자모집공고문 (3).pdf,750.7,
2017-1차 청년 매입임대주택 입주자모집 공고문.pdf,378.3,
2019-2차 역세권청년주택(공공임대) 입주자모집공고문(1101).pdf,3476.0,
2020년 제1차역세권청년주택(공공임대) 입주자모집 공고문_웹용.pdf,3932.5,
2020년 청년창업인 임대주택 입주자 모집공고.pdf,939.1,
2020년 청년창업인 임대주택 입주자 모집공고문(재공급).pdf,965.8,
2021년 1차 역세권청년주택 모집공고문(21_04_30).pdf,2187.5,
2023년 1차 행복주택 입주자 모집 공고문(2023_ 6_ 28_)(최종).pdf,1324.2,
2023년 2차 청년안심주택(구_역세권청년주택) 공고문-웹 게시용.pdf,485.4,
2023년 3차 청년안심주택-공고문-웹용(최종).pdf,620.4,
2024년 2차 청년안심주택 공고문-최종(웹용).pdf,755.4,
[공고문] 2020-2차 청년 매입임대주택 입주자모집 공고.pdf,821.3,
[공고문] 청년 매입임대주택 신규세대 입주자 모집 공고(2019_12_24_) 공고문.pdf,434.1,
[마을과집]SH특화형 매입임대주택(청년) 입주자 모집 공고문_20250307.pdf,838.9,
[수정] 2024년 1차 청년안심주택 공고문-최종(웹용).pdf,498.1,
[한지붕협동조합]SH특화형 매입임대주택(청년) 입주자 모집 공고문_20250308.pdf,960.7,
[한지붕협동조합]SH특화형 매입임대주택(청년) 입주자 모집 공고문_20250324.pdf,941.3,
[한지붕협동조합]SH특화형 매입임대주택(청년) 입주자 모집 공고문_20250407_독산동 913.pdf,941.7,
[한지붕협동조합]SH특화형 매입임대주택(청년) 입주자 모집 공고문_20250407_시흥동824-16.pdf,941.4,
[협동조합 큰바위얼굴]SH특화형 매입임대주택(청년) 입주자 모집 공고문_20250403.pdf,725.6,
강동구 청년가죽창작마을 입주자 모집 공고문(2017_09_12_공고).pdf,393.8,
도봉구 청년도전숙 잔여세대 입주자모집공고문(2019_08_23_).pdf,1248.6,
역세권청년주택 입주자모집공고문(종로구 숭인동 207-32_공공임대).pdf,1523.4,
제3차 청년안심주택-공고문(웹용)최종.pdf,612.8,
첨부_[공고문] 청년 매입임대주택 잔여세대 입주자 모집 공고(2019_10_14_공고).pdf,436.7,
